{
    "name": "root",
    "gauges": {
        "MoveToGoal.Policy.Entropy.mean": {
            "value": 0.9708228707313538,
            "min": 0.9708228707313538,
            "max": 1.0511945486068726,
            "count": 50
        },
        "MoveToGoal.Policy.Entropy.sum": {
            "value": 9698.5205078125,
            "min": 9633.005859375,
            "max": 10577.1201171875,
            "count": 50
        },
        "MoveToGoal.Environment.EpisodeLength.mean": {
            "value": 119.61176470588235,
            "min": 34.87832699619772,
            "max": 176.1090909090909,
            "count": 50
        },
        "MoveToGoal.Environment.EpisodeLength.sum": {
            "value": 10167.0,
            "min": 8723.0,
            "max": 11185.0,
            "count": 50
        },
        "MoveToGoal.Step.mean": {
            "value": 499980.0,
            "min": 9948.0,
            "max": 499980.0,
            "count": 50
        },
        "MoveToGoal.Step.sum": {
            "value": 499980.0,
            "min": 9948.0,
            "max": 499980.0,
            "count": 50
        },
        "MoveToGoal.Policy.ExtrinsicValueEstimate.mean": {
            "value": 0.15762504935264587,
            "min": -0.7230373620986938,
            "max": 0.15762504935264587,
            "count": 50
        },
        "MoveToGoal.Policy.ExtrinsicValueEstimate.sum": {
            "value": 31.525009155273438,
            "min": -231.3719482421875,
            "max": 31.525009155273438,
            "count": 50
        },
        "MoveToGoal.Environment.CumulativeReward.mean": {
            "value": 0.47058823529411764,
            "min": -0.714828897338403,
            "max": 0.4827586206896552,
            "count": 50
        },
        "MoveToGoal.Environment.CumulativeReward.sum": {
            "value": 40.0,
            "min": -188.0,
            "max": 42.0,
            "count": 50
        },
        "MoveToGoal.Policy.ExtrinsicReward.mean": {
            "value": 0.47058823529411764,
            "min": -0.714828897338403,
            "max": 0.4827586206896552,
            "count": 50
        },
        "MoveToGoal.Policy.ExtrinsicReward.sum": {
            "value": 40.0,
            "min": -188.0,
            "max": 42.0,
            "count": 50
        },
        "MoveToGoal.Losses.PolicyLoss.mean": {
            "value": 0.2364470433480947,
            "min": 0.2364470433480947,
            "max": 0.2520436258772796,
            "count": 50
        },
        "MoveToGoal.Losses.PolicyLoss.sum": {
            "value": 16.787740077714723,
            "min": 16.787740077714723,
            "max": 19.54304768822012,
            "count": 50
        },
        "MoveToGoal.Losses.ValueLoss.mean": {
            "value": 0.07548186502617245,
            "min": 0.03102350847737093,
            "max": 0.30044242314268044,
            "count": 50
        },
        "MoveToGoal.Losses.ValueLoss.sum": {
            "value": 5.359212416858243,
            "min": 2.32676313580282,
            "max": 21.93229688941567,
            "count": 50
        },
        "MoveToGoal.Policy.LearningRate.mean": {
            "value": 3.018394768549295e-06,
            "min": 3.018394768549295e-06,
            "max": 0.0002969655626553151,
            "count": 50
        },
        "MoveToGoal.Policy.LearningRate.sum": {
            "value": 0.00021430602856699997,
            "min": 0.00021430602856699997,
            "max": 0.022695650634783203,
            "count": 50
        },
        "MoveToGoal.Policy.Epsilon.mean": {
            "value": 0.10100609859154928,
            "min": 0.10100609859154928,
            "max": 0.19898852054794522,
            "count": 50
        },
        "MoveToGoal.Policy.Epsilon.sum": {
            "value": 7.1714329999999995,
            "min": 7.1714329999999995,
            "max": 15.3652168,
            "count": 50
        },
        "MoveToGoal.Policy.Beta.mean": {
            "value": 0.0005,
            "min": 0.0005,
            "max": 0.0005000000000000001,
            "count": 50
        },
        "MoveToGoal.Policy.Beta.sum": {
            "value": 0.035500000000000004,
            "min": 0.035,
            "max": 0.04050000000000001,
            "count": 50
        },
        "MoveToGoal.IsTraining.mean": {
            "value": 1.0,
            "min": 1.0,
            "max": 1.0,
            "count": 50
        },
        "MoveToGoal.IsTraining.sum": {
            "value": 1.0,
            "min": 1.0,
            "max": 1.0,
            "count": 50
        }
    },
    "metadata": {
        "timer_format_version": "0.1.0",
        "start_time_seconds": "1725213865",
        "python_version": "3.9.13 (tags/v3.9.13:6de2ca5, May 17 2022, 16:36:42) [MSC v.1929 64 bit (AMD64)]",
        "command_line_arguments": "D:\\Development\\Unity\\Projects_24\\Machine Learning Projects\\venv\\Scripts\\mlagents-learn Config/moveToGoal.yaml --initialize-from=MoveToGoal04 --run-id=MoveToGoal05",
        "mlagents_version": "0.30.0",
        "mlagents_envs_version": "0.30.0",
        "communication_protocol_version": "1.5.0",
        "pytorch_version": "2.4.0+cpu",
        "numpy_version": "1.21.6",
        "end_time_seconds": "1725214700"
    },
    "total": 834.8721568,
    "count": 1,
    "self": 0.014360799999963092,
    "children": {
        "run_training.setup": {
            "total": 0.11894730000000209,
            "count": 1,
            "self": 0.11894730000000209
        },
        "TrainerController.start_learning": {
            "total": 834.7388487,
            "count": 1,
            "self": 0.6621909999910258,
            "children": {
                "TrainerController._reset_env": {
                    "total": 28.572134199999997,
                    "count": 1,
                    "self": 28.572134199999997
                },
                "TrainerController.advance": {
                    "total": 805.4727715000088,
                    "count": 31813,
                    "self": 0.506051200014781,
                    "children": {
                        "env_step": {
                            "total": 217.0710687000002,
                            "count": 31813,
                            "self": 197.3672837999976,
                            "children": {
                                "SubprocessEnvManager._take_step": {
                                    "total": 19.273797099998824,
                                    "count": 31813,
                                    "self": 1.954602699993245,
                                    "children": {
                                        "TorchPolicy.evaluate": {
                                            "total": 17.31919440000558,
                                            "count": 27807,
                                            "self": 17.31919440000558
                                        }
                                    }
                                },
                                "workers": {
                                    "total": 0.42998780000377934,
                                    "count": 31813,
                                    "self": 0.0,
                                    "children": {
                                        "worker_root": {
                                            "total": 810.2400874000158,
                                            "count": 31813,
                                            "is_parallel": true,
                                            "self": 651.2465269000131,
                                            "children": {
                                                "steps_from_proto": {
                                                    "total": 0.0005278999999980272,